index,Date,open,high,low,close,volume,macd,macds,macdh,boll,boll_ub,boll_lb,trix,volume_delta,middle,cr,rsv_9,kdjk,kdjd,kdjj,rsi_6,rsi_12,wr_10,wr_6,cci,tr,atr,dma,high_delta,low_delta,pdi,mdi,dx,adx,adxr,change,vr,prediction
1844,2017-11-09,302.5,304.46,296.3,302.99,5419497.0,-12.662303374653787,-9.799949156899363,-5.724708435508847,330.5630000000002,371.4394166211928,289.6865833788075,-0.5531211652299333,209924.0,301.25,63.10799108114386,25.91366946064052,25.059853351552825,22.01605884383705,31.14744236698437,30.836696361905126,32.23346415594945,74.08633053935948,74.08633053935948,-98.16662381043786,9.75,10.60080683447217,-32.06000000000125,-2.0400000000000205,-3.729999999999961,8.604286787451274,36.319849551831595,61.694147117404,55.807520832131004,50.17919661931504,-0.99983662800196,68.11976143135448,2511.604
1845,2017-11-10,302.5,308.36,301.85,302.99,4600097.0,-12.79077939056674,-10.39811520363284,-4.785328373867799,327.9285000000001,368.78068967267836,287.07631032732183,-0.5811875331234466,-819400.0,304.4000000000001,57.685796913513975,25.91366946064052,25.344458721248717,23.12552546964094,29.782325224464287,30.836696361905126,32.23346415594945,74.08633053935948,35.49190535491898,-68.3805646553112,6.509999999999992,10.308606346295589,-33.37420000000128,3.900000000000034,5.550000000000012,12.712749601855045,32.369433548938716,43.60189008889553,52.32019776263515,50.790911231692206,0.0,60.50976705162076,2511.4956
1846,2017-11-13,300.13,316.8,299.11,315.4,7536669.0,-11.755701860121743,-10.669632534930622,-2.172138650382248,325.92000000000013,364.95982042667765,286.88017957332266,-0.5875646073521108,2936572.0,310.43666666666667,62.57289106810767,56.95504378559685,35.881320409364754,27.37745711621555,52.889046995663186,53.02840555834013,43.53749513089944,43.04495621440315,6.460544531610672,-27.943168824384532,17.689999999999994,10.835848750131616,-33.111200000001304,8.439999999999998,-2.7400000000000095,20.866905670420746,26.688502983265856,12.241714407797039,40.8692025183957,47.95613731360749,4.095844747351385,64.04778108304136,2511.7202
1847,2017-11-14,315.0,316.35,306.9,308.7,5641615.0,-11.34524850310504,-10.804755728565507,-1.0809855490790667,323.8250000000001,361.769992041803,285.88000795819715,-0.5854356966887266,-1895054.0,310.65,62.478230142608574,40.196203497344825,37.31961477202478,30.69150966815195,50.575824979770424,43.902281284525564,39.64279600478703,59.80379650265518,39.51219512195133,-17.619385040104433,9.450000000000044,10.736859553693646,-33.31520000000125,-0.44999999999998863,7.7899999999999645,18.251384238650093,23.3432848355864,12.241714407797039,32.6899202010818,43.59436099574301,-2.1242866201648614,56.4682604996197,2511.6013
1848,2017-11-15,306.01,312.49,301.5,311.3,5909055.0,-10.686970248996774,-10.78119863265176,0.188456767309976,321.60250000000013,356.78035300590585,286.42464699409425,-0.5733945986000425,267440.0,308.43,65.38411997916072,77.24451799751759,50.627915847189044,37.33697839449765,77.20979075257183,48.06447355948803,41.84513237955736,53.300365943034926,26.82926829268293,-25.779775764856893,10.990000000000007,10.754941014144098,-34.57240000000127,-3.8600000000000136,-5.399999999999976,15.79127297026356,26.891431666709728,26.00622146805292,30.78029199164498,39.933198423143565,0.842241658568188,67.05652808013285,2511.59
1849,2017-11-16,313.99,318.14,311.3,312.5,5757709.0,-9.953709847641278,-10.615700875649665,1.3239820560167743,319.2450000000001,349.6877798025268,288.8022201974735,-0.5526988121954686,-151346.0,313.98,65.40523897757774,75.48891786179927,58.914916518725775,44.52962443590702,87.68550068436329,50.11441362607954,42.89426578903142,22.108976871814928,25.824175824175796,27.012690802320066,6.839999999999975,10.475302370276662,-34.789800000001264,5.649999999999977,9.800000000000011,21.242630862256533,23.9280596384239,5.945069128679613,23.68451403079773,35.29071716818762,0.3854802441374927,65.84227046887051,2511.3962
1850,2017-11-17,325.67,326.67,313.15,315.05,13682753.0,-9.062366685922427,-10.305034037704216,2.4853347035635807,317.4070000000001,343.7316029409726,291.08239705902747,-0.523210846526981,7925044.0,318.29,70.06036429964246,61.73855778729008,59.85613027491388,49.63845971557598,80.29147139358969,54.67627803694896,45.186604796858866,36.84210526315789,42.16255442670538,68.45328121603598,14.170000000000016,10.73920934382833,-32.49960000000124,8.53000000000003,1.8499999999999657,28.54833853066892,20.228041461153765,17.058045453373207,21.791237294390715,31.43372291853136,0.8159999999999945,84.15170604058001,2511.3865
1851,2017-11-20,313.79,315.5,304.75,308.74,8220759.0,-8.764107893283267,-9.996848808820028,2.4654818310735216,315.58900000000006,338.68509025924135,292.4929097407587,-0.4952516590306659,-5461994.0,309.66333333333336,62.23837861618424,40.96147513994072,53.55791189658949,50.94494377591381,58.78384813794086,42.999963125044616,40.76881587017192,59.03852486005928,65.05805515239479,-3.128485771298711,10.75,10.739980104983447,-31.541400000001264,-11.170000000000016,-8.399999999999977,24.740117776332287,27.958035863776487,6.1063203645052075,17.30983245728057,27.39832564388828,-2.0028566894143784,73.08133352471775,2511.6692
1852,2017-11-21,310.86,318.23,308.71,317.81,7230570.0,-7.707020715081228,-9.53888319007227,3.6637249499820825,314.6285000000001,335.45855649738087,293.7984435026193,-0.4581545567414814,-990189.0,314.9166666666667,66.30189939997912,70.82647349357914,59.314099095586045,53.73466221580455,70.47297285514901,58.344102277892006,48.64230549911407,29.17352650642085,35.200635677393755,69.77426465064059,9.520000000000039,10.652838668913203,-29.12080000000134,2.7300000000000177,3.95999999999998,25.03375841620584,24.42850434948017,1.2236683743986598,12.71378557645717,23.202742767479393,2.9377469715618387,83.3503839796477,2511.5122
1853,2017-11-22,316.77,317.42,311.84,312.6,4890091.0,-7.206601749651385,-9.072426901988091,3.731650304673419,313.39150000000006,331.27229036872797,295.5107096312722,-0.4219001308273773,-2340479.0,313.9533333333333,70.07432400708365,48.94775036284472,55.8586495180056,54.442657983204896,58.69063258760701,49.21236673423832,44.9020441097612,46.328613763582446,55.899880810488604,77.69406392693988,5.970000000000027,10.318350192562264,-27.462800000001327,-0.8100000000000023,3.1299999999999955,22.399237611945953,21.85767971117911,1.2236683743986598,9.430894947297594,19.267929104570307,-1.639344262295073,83.7565068465356,2510.9185
1854,2017-11-24,313.79,316.41,311.0,315.55,3242220.0,-6.497081457651915,-8.557357813120857,4.120552710937884,312.87700000000007,329.81703305781514,295.93696694218505,-0.3836060729798834,-1647871.0,314.32,67.33567504078457,59.65166908563133,57.12298937388084,55.33610178009687,60.696764561448795,54.094266250154284,47.40033846234468,40.34833091436866,50.72992700729926,73.60992876024908,5.410000000000025,9.967753750236387,-25.193200000001355,-1.009999999999991,-0.839999999999975,20.095475776060113,20.73324037501093,1.5620491141357784,7.182653280679933,15.814993154887338,0.9436980166346752,83.7160581228067,2510.9348
1855,2017-11-27,313.25,317.34,309.51,316.81,4524921.0,-5.766635856140567,-7.999213421724798,4.465155131168464,312.4090000000001,328.2866014362463,296.5313985637539,-0.34364436147006244,1282701.0,314.55333333333334,62.02117828811722,60.826380611839454,58.357453119867046,56.34321889335361,62.385921572893956,56.2497330772079,48.48863750353968,35.776487663280164,44.98175182481754,68.73200531208511,7.829999999999983,9.815057053790929,-22.594600000001435,0.92999999999995,-1.4900000000000089,17.687027785397305,20.27245711818938,6.811023224785077,7.076473264709973,13.318273186265236,0.3993028046268332,83.32273557485293,2511.022
1856,2017-11-28,316.36,320.0,313.92,317.55,4916555.0,-5.069601429245439,-7.413291023228928,4.687379187966979,312.2430000000001,327.8146126332461,296.6713873667541,-0.3030743806779099,391634.0,317.1566666666667,69.19782232254259,63.76638855780692,60.16043159918035,57.61562312862917,65.25004854028266,57.65112218362649,49.162542773298256,36.23361144219308,16.065573770491728,96.3081861958266,6.079999999999983,9.548267264234433,-21.13440000000139,2.660000000000025,4.410000000000026,19.471521911134147,18.060374240195788,3.7598624520556,6.128870175380152,11.264158040298064,0.233578485527608,93.44216550423336,2511.14
1857,2017-11-29,317.3,318.0,301.23,307.54,8732941.0,-5.264237118381857,-6.983480242259513,3.438486247755314,311.6160000000001,326.86546162983694,296.36653837016325,-0.2749127438817583,3816386.0,308.92333333333335,65.23604171389619,24.80345911949687,48.37477410595251,54.53534012107029,36.05364207571698,37.929616005258936,41.207185530567386,75.19654088050314,66.38252530633986,-44.925637025480576,16.769999999999982,10.064105316789117,-19.701200000001396,-2.0,-12.689999999999998,16.010370600314065,31.662285527514435,32.832059714129706,13.758352900737169,11.976785143280669,-3.152259486695008,89.61498744980578,2511.2258
1858,2017-11-30,308.56,310.7,304.54,308.85,4288221.0,-5.252236736726446,-6.637231541152898,2.7699896088529083,310.48200000000014,322.534150889053,298.42984911094726,-0.2536488769714911,-4444720.0,308.03,68.06352332330248,29.952830188679265,42.23412613352809,50.43493545855621,25.832507483471858,41.094146132093066,42.534752415584975,70.04716981132073,59.40330314331374,-79.02699354346845,6.159999999999968,9.785240651304175,-18.62120000000141,-7.300000000000012,3.3100000000000023,14.271089839041233,28.22266470606681,32.832059714129706,19.207983418849324,14.042841793443143,0.4259608506210544,100.28992120295878,2511.19
1859,2017-12-01,305.44,310.32,305.05,306.53,4256030.0,-5.368051403671983,-6.383395513656717,2.0306882199694662,309.7545000000001,320.83006528199166,298.67893471800863,-0.23967725260686815,-32191.0,307.2999999999999,69.22564756804981,28.23654768247181,37.568266649842656,46.146045855651685,20.41270823822461,37.07691909442629,40.75673191972767,79.16666666666684,71.76345231752819,-104.26542692376228,5.269999999999982,9.462723461925306,-17.87060000000139,-0.37999999999999545,0.5099999999999909,12.789824810392293,25.29329864391679,32.8320597141297,23.100576646072287,16.63076603705147,-0.7511737089202053,90.84060555884386,2511.2695
1860,2017-12-04,306.5,308.265,300.61,305.2,5811205.0,-5.503711881721416,-6.2074587872696565,1.4074938110964847,310.0515000000001,320.2238925147211,299.8791074852792,-0.23170977462783215,1555175.0,304.69166666666666,73.70422585166231,23.671995874161826,32.936176391282395,41.74275603419525,15.323017105456655,34.74061777018518,39.71839857669029,76.32800412583819,76.32800412583819,-133.61851190676705,7.654999999999973,9.333600357502068,-17.630000000001473,-2.055000000000007,-4.439999999999999,11.237860480631989,28.56679254452917,43.534940633556815,28.938966356782156,20.147394699831665,-0.4338890157570163,93.61276205981116,2511.4163
1861,2017-12-05,302.0,308.0,301.0,303.7,4628462.0,-5.6669363373815145,-6.099354297292028,0.8648359198210294,309.93200000000013,320.35344469224657,299.5105553077537,-0.2288107356105273,-1182743.0,304.23333333333335,76.06955779045444,15.936049510056613,27.2694674308738,36.91832649975477,7.971749293111856,32.010748155307944,38.511270172404274,84.06395048994337,84.06395048994337,-118.28021109752855,7.0,9.166914617680492,-17.186200000001463,-0.2649999999999864,0.3899999999999864,9.916575995771119,25.20806960644168,43.53494063355679,33.10924472157491,23.850780420329734,-0.4914809960681499,83.73694788431308,2511.4688
1862,2017-12-06,300.1,313.39,300.0,313.26,7160938.0,-4.967617191959847,-5.8730068762255945,1.8107793685314952,310.45600000000013,320.406550156696,300.50544984330435,-0.21742097955611672,2532476.0,308.8833333333333,85.31308665726141,66.29999999999995,40.279644953915856,38.038765984475134,44.761402892797285,57.532443500370114,49.23776176332531,33.700000000000045,26.33333333333339,-41.51661806995993,13.389999999999983,9.468563573560454,-17.006600000001413,5.389999999999987,-1.0,15.910595472641628,21.15099338652737,14.139701170931525,27.689375135676798,24.947521767571754,3.1478432663812894,98.58854757835194,2511.2053
1863,2017-12-07,312.0,318.6341,311.05,311.24,4705140.0,-4.524246155609943,-5.603254732102465,2.1580171529850407,310.71550000000013,320.4506116556123,300.980388344388,-0.20310176720062828,-2455798.0,313.64136666666667,92.09139970318311,56.200000000000045,45.58642996927725,40.55465397940917,55.6499819490134,52.532426902203824,47.334401058657654,43.79999999999996,39.68047826296942,39.22446549329825,7.584099999999977,9.33395903259185,-16.462400000001367,5.244100000000003,11.050000000000011,21.479105068107962,18.59520933346719,7.196369489299162,21.83423066528319,24.05801002406073,-0.6448317691374549,98.06196899667536,2511.2864
1864,2017-12-08,314.6,316.98,311.26,315.13,3442898.0,-3.8150039344741344,-5.245604572576799,2.8612012762053283,311.3225000000001,320.5289551152625,302.11604488473773,-0.18268280086535035,-1262242.0,314.45666666666665,84.97713971356453,75.64999999999998,55.607619979518155,45.57230931277883,75.67824131299682,60.47117481279577,51.290130293155954,24.350000000000023,18.804771896684013,61.982289585621785,5.740000000000008,9.077247673121002,-15.987600000001464,-1.6540999999999713,0.20999999999997954,19.14167687363032,16.57161633736995,7.1963694892991565,17.651984615002036,22.227717050043964,1.2498393522683449,95.68263597911782,2511.2236
1865,2017-12-11,314.63,329.01,313.75,328.91,7867288.0,-2.1165947420233806,-4.619802606466116,5.00641572888547,312.6185000000001,323.94059442219657,301.29640557780374,-0.14325996720197914,4424390.0,323.8900000000001,96.42123204521843,99.65529127886947,70.29017707930191,53.81159856828653,103.2473341013327,76.89649218666995,62.24803008839236,0.34470872113052714,0.34470872113052714,181.80744110299545,15.259999999999993,9.518872839326646,-14.563800000001436,12.029999999999974,2.490000000000009,32.67052533725769,13.695743805702673,40.92367551301225,24.301039157290674,22.820094794971595,4.372798527591804,113.74281140843009,2511.2642
1866,2017-12-12,330.45,341.44,330.03,341.03,8648534.0,0.20502607533285302,-3.6548368701063216,7.719725890878348,313.9000000000001,330.91722594746983,296.8827740525305,-0.0802001303037294,781246.0,337.5,142.4209118736604,99.01061776061769,79.86365730640716,62.49561814766007,114.59973562390137,83.93989911384163,68.95014533727341,0.9893822393823,0.9893822393823,277.4488045153877,12.529999999999974,9.733953350803311,-12.21440000000149,12.430000000000007,16.279999999999973,44.71513444632659,11.607374087832232,58.782467649527646,34.152875869358375,26.05803224479639,3.6848986044814462,164.6548723222826,2511.262
1867,2017-12-13,340.93,344.22,336.5,339.03,6189204.0,1.8620791251096307,-2.551453671063131,8.827065592345523,315.4165000000002,335.59473139190203,295.2382686080984,-0.008785372521578834,-2459330.0,339.9166666666667,148.79439402857068,88.26322930800531,82.6635146402732,69.21825031186444,109.55404329709074,79.16103229949083,66.81483448598168,11.736770691994689,11.736770691994689,202.0169207661869,7.720000000000027,9.590099540031648,-9.015400000001533,2.7800000000000296,6.470000000000027,43.199519811311816,10.21062250376336,61.765230118544814,42.0421199405545,30.624914443584426,-0.5864586693252849,136.36690531184817,2511.217
1868,2017-12-14,341.01,347.44,336.9,337.89,5744750.0,3.048179615674257,-1.4315270137156528,8.95941325877982,316.7460000000001,339.1620472594237,294.32995274057663,0.06180306396033439,-444454.0,340.74333333333334,151.973519426157,79.86930860033723,81.7321126269612,73.38953775023002,98.41726238042358,76.1939271046889,65.5524881655281,20.130691399662755,26.243473481725783,150.4021677378945,10.540000000000019,9.657949572886533,-5.906400000001612,3.2199999999999704,0.3999999999999773,41.62194739460619,8.787037805428302,65.13701765445461,48.640662144525955,35.77227092956772,-0.3362534289000907,137.83935593078078,2511.4185
1869,2017-12-15,342.04,343.9,335.76,343.45,6832071.0,4.386256300695777,-0.26797035083336657,9.308453303058286,318.2935000000001,343.5665605690365,293.0204394309637,0.13347515246444164,1087321.0,341.03666666666663,148.89588286997386,91.58937605396288,85.01786710262844,77.26564753436281,100.52230623915966,80.47670698409331,68.69895369137915,8.410623946037116,11.028192371475976,117.17169320902376,8.139999999999986,9.549524603394637,-1.9832000000016023,-3.5400000000000205,-1.1399999999999864,36.48191866328865,9.293600394063137,59.39488798622137,51.713298099296075,40.32685012091868,1.6455059338838174,140.27774528883998,2511.584
1870,2017-12-18,344.9,346.73,337.58,338.87,5441450.0,5.0192650276990785,0.7894767248731227,8.459576605651911,319.48450000000014,346.31126783795344,292.65773216204684,0.1952800552557864,-1390621.0,341.06,161.14624845292562,81.93507588532884,83.99027003019523,79.50718836630695,92.9564333579718,68.32613359649673,63.487791537017344,18.06492411467115,25.43781537548232,95.40464346690227,9.150000000000034,9.520987131723592,1.7129999999984309,2.830000000000041,1.8199999999999927,35.67560567417183,8.078595472379687,63.07282381721007,54.95887687584293,44.50742919375418,-1.3335274421313104,140.23147968038165,2511.4285
1871,2017-12-19,340.26,341.4925,330.3,331.1,6792009.0,4.838183374750713,1.5992180548486412,6.477930639804144,320.60250000000013,347.4075881854817,293.7974118145185,0.2373329305204412,1350559.0,334.2975,139.10902339232618,55.09755427315203,74.35936477784747,77.7912471701538,67.49559999323489,52.262224053489476,55.672119582006594,34.44350758853283,93.85410683515192,54.2522377129314,11.192499999999995,9.640380908029048,4.968599999998389,-5.237500000000012,-7.279999999999973,30.535935700392923,16.983496602356812,28.51978325770507,47.404850127803535,45.33526374633971,-2.2929146870481203,128.1290888114188,2511.584
1872,2017-12-20,332.69,333.1,325.04,328.98,5937684.0,4.472057482842388,2.173785940447391,4.596543084789993,321.1610000000001,348.1856732489109,294.1363267510893,0.2613648158212107,-854325.0,329.04,123.24442322243729,48.97733554449979,65.89868836673159,73.82706090234639,50.041943295502,48.52678215113102,53.704285629670274,50.72822203902168,82.41071428571428,23.546110344345106,8.060000000000002,9.527496557455544,6.819799999998394,-8.392499999999984,-5.259999999999991,26.778035880150448,22.254575648355928,9.225411600123909,36.496439119895065,42.80988528164124,-0.640289942615524,108.4586045651368,2511.5703
1873,2017-12-21,329.59,333.74,327.21,331.66,4344701.0,4.348032268579799,2.608635206073873,3.4787941250118535,322.1140000000001,349.21170112603033,295.0162988739699,0.2750546712677873,-1592983.0,330.87000000000006,124.04450162945318,53.16117542297425,61.652850718812466,69.76899084116839,45.4205704741006,53.561890381556005,55.85611928963954,43.615257048092786,70.44642857142853,26.229213963506044,6.53000000000003,9.313389660494437,9.34039999999834,0.6399999999999864,2.169999999999959,24.65739833505711,19.73069747167401,11.099148935864033,29.240070495886197,38.93279534285409,0.8146391877925652,123.1237177158006,2511.3398
1874,2017-12-22,329.51,330.9214,324.82,325.2,4186131.0,3.6859836560540766,2.8241048960699136,1.7237575199683262,322.59650000000005,349.54532813583194,295.6476718641682,0.2731962610921428,-158570.0,326.98046666666664,125.94639363119975,1.6799292661361418,41.661876901253684,60.39995286119683,4.1857249813674136,41.74907707242742,49.772729439052846,66.01365390323541,98.26563213144684,-3.996982827943368,6.840000000000032,9.136718970459123,10.93539999999831,-2.8186000000000035,-2.3899999999999864,21.782957849250497,20.918346210279733,2.0247897763623466,21.464276004593664,33.941789817636824,-1.947777844780807,108.47746135292357,2510.9402
1875,2017-12-26,323.83,323.94,316.58,317.29,4321909.0,2.4942819379094203,2.7581403044378154,-0.5277167330567902,322.62050000000005,349.54847682317296,295.69252317682714,0.2520837383597408,135778.0,319.27,106.70548008761831,2.3007128969541024,28.541488899820493,49.78046487407138,-13.936463048681276,31.531155909042386,43.451364854860365,97.69928710304589,97.6451077943614,-67.60691147715568,8.620000000000005,9.099810472569187,10.541199999998296,-6.981400000000009,-8.240000000000009,18.95513423113431,30.27627641922708,22.99577046145369,21.90184584941081,30.501805826715106,-2.4323493234932214,95.39669686473196,2511.3435
1876,2017-12-27,316.0,317.68,310.75,311.64,4645441.0,1.0814753845150449,2.4228073204532614,-2.682663871876433,322.3250000000001,349.61454185648256,295.0354581435176,0.21344241344780496,323532.0,313.3566666666666,90.15241495314268,2.4257290814935577,19.83623562704485,39.79905512506254,-20.089403368990524,26.063495435492587,39.53845697598352,97.57427091850643,97.1049849556803,-116.96571145480213,6.930000000000009,8.944824010242819,8.480799999998283,-6.259999999999992,-5.829999999999983,16.712426272019545,35.3844033044848,35.840908524088604,25.88443518503304,29.1825570719488,-1.7807053484194424,73.96040926541887,2511.049
1877,2017-12-28,311.75,315.82,309.54,315.36,4294689.0,0.25900329414031376,1.990046515190672,-3.4620864421007163,322.716,349.3293052596248,296.10269474037517,0.17023010102719754,-350752.0,313.5733333333333,99.79026300807085,15.649368109706893,18.440613121265528,32.6795744571302,-10.037309550463815,34.97259491407766,43.211608319981394,84.64379947229553,75.95041322314052,-115.23804122503134,6.279999999999973,8.754479438082614,6.818599999998297,-1.8600000000000136,-1.2099999999999795,14.799023874810645,33.17611602358612,38.30544775418071,29.43329591907523,29.254196742556342,1.1936850211782923,87.56091162099192,2511.2288
1878,2017-12-29,316.18,316.41,310.0,311.35,3727621.0,-0.7082213156306238,1.4503929490264127,-4.3172285293140735,322.841,349.20237756962433,296.47962243037574,0.12189159773645175,-567068.0,312.58666666666664,92.78578483630079,4.866899704221573,13.916041982250874,26.425063632170424,-11.102001317588217,30.25655896515552,40.33035381344146,95.13310029577845,92.52066115702479,-119.56572371208205,6.410000000000025,8.587016621076714,5.052599999998279,0.5900000000000318,0.4599999999999795,13.992059814121488,29.313363798268977,35.379642331367904,31.13225203687313,29.790783969503998,-1.2715626585489526,74.44442616896664,2511.2803
1879,2018-01-02,312.0,322.1099,311.0,320.53,4326988.0,-0.7256397840764635,1.0151864024058377,-3.4816523729646023,323.54100000000005,348.7991308638765,298.2828691361236,0.0835101684754255,599367.0,317.87996666666663,99.92819963561476,34.394804788357575,20.74229625095311,24.530807838431322,13.165273075996694,49.10906961354267,48.848186348397284,70.44904544232334,48.60018520770408,-73.55895090887323,11.109899999999984,8.76722257671409,3.542999999998301,5.699899999999957,1.0,20.545698319608928,24.88272973101355,9.54695462183222,24.965024204004298,28.411995465075517,2.948450297093297,85.05064371891379,2511.1953
1880,2018-01-03,321.0,325.25,315.55,317.25,4185665.0,-0.992669754692713,0.6136151709861273,-3.2125698513576806,324.1435,348.1009045470592,300.1860954529409,0.04956759107367527,-141323.0,319.35,104.65935475821472,31.859504132231336,24.448032211379186,24.50321596274727,24.337664708643022,44.00854084374795,46.27348103275447,75.87043267349978,50.92297899427122,-54.27267530759822,9.699999999999989,8.833849535520226,2.072199999998304,3.140100000000018,4.550000000000012,22.411469429158178,21.402383916403657,2.3031197571138455,18.490194362035602,25.577195149921252,-1.0233051508439115,76.47350487371378,2511.028
1881,2018-01-04,312.87,318.55,305.68,314.62,9915932.0,-1.4003693640964343,0.21081826396961487,-3.2223752561320986,324.68950000000007,347.1352000688065,302.2437999311936,0.017312482880288617,5730267.0,312.9500000000001,94.8936652500354,31.86029935851745,26.91878792709194,25.308406617528824,30.13955054621817,40.01013676386019,44.23406242241193,68.13970064148255,54.317833418497706,-84.74895356183958,12.870000000000005,9.12214599726878,1.03379999999828,-6.699999999999988,-9.870000000000003,18.80942002947421,32.388948179322746,26.523361241648498,20.785384899067854,24.208106506820283,-0.8289992119779321,62.90281653179533,2510.8474
1882,2018-01-05,316.62,317.24,312.0,316.58,4578729.0,-1.5474802334116475,-0.14084143550663772,-2.81327759581002,324.8555,346.99227243150136,302.7187275684986,-0.009725670366927187,-5337203.0,315.2733333333333,93.73896707960152,43.183024713367644,32.34020018918384,27.65233780808049,41.71592495139054,44.51812151608366,46.16311049378519,61.15466856735575,44.302503832396624,-60.2370466866681,5.240000000000009,8.844849854606725,0.20259999999825595,-1.3100000000000025,6.319999999999991,16.812567915364045,28.95046153038097,26.523361241648498,22.424806711233753,23.69859227950984,0.6229737461064033,62.52417940979163,2510.988
1883,2018-01-08,316.0,337.0199,315.5,336.41,9777059.0,-0.06322259275077613,-0.1253176669554654,0.12419014840937853,326.1140000000001,347.8498422402862,304.3781577597139,-0.00945228326108007,5198330.0,329.6433,126.23510857976187,98.05391848729582,54.24477295522116,36.516482857127386,89.70135315140871,70.98730447254673,61.038414929001824,1.9460815127041944,1.9460815127041944,58.43005690134613,21.51990000000001,9.750210579277674,0.6961999999982709,19.7799,3.5,40.266756343904795,22.760618237490746,27.77545189321835,23.953562477515067,23.77144090751133,6.263819571672259,81.45512422853548,2510.9287
1884,2018-01-09,335.16,338.8,327.405,333.69,7109115.0,0.8833977535533677,0.0764254171463013,1.6139446728141331,327.0420000000001,348.38455112260306,305.699448877397,0.004311993591072792,-2667944.0,333.29833333333335,135.56508999968585,84.5712560386473,64.35360064969653,45.79552212131709,101.4697577064554,65.8187792720027,58.61499119190657,15.428743961352696,15.428743961352696,101.21442685075986,11.395000000000039,9.8676955379007,1.388199999998278,1.7801000000000045,11.904999999999974,36.88765073261509,19.491012590259658,30.85677651264396,25.925909344694748,24.38700331813517,-0.8085372016289782,69.9491669580364,2511.139
1885,2018-01-10,332.2,337.0,330.0,334.8,4236168.0,1.703531668708422,0.4018466674587255,2.6033700024993927,327.3365,348.9484306962826,305.7245693037174,0.026610738472034243,-2872947.0,333.93333333333334,136.46891641163813,87.92270531400965,72.20996887113424,54.60033770458947,107.42923120422377,66.99555501421743,59.33378202546524,12.077294685990337,12.077294685990337,107.58062866663595,7.0,9.662860142336363,2.9665999999983232,-1.8000000000000114,2.5950000000000277,32.646989368154244,17.250295645587098,30.85677651264396,27.33472853553738,25.229210523107227,0.33264407084419023,78.60416676315695,2511.369
1886,2018-01-11,335.24,344.8099,333.26,337.95,6619082.0,2.5779553154115438,0.8370683970492893,3.4817738367245084,327.1825,348.42431068206065,305.94068931793936,0.05610712514215144,2382914.0,338.6733,154.16242505031377,82.46890485281068,75.62961419835972,61.61009653584622,103.66864952338673,70.45894188758194,61.408809223248475,17.531095147189323,17.531095147189323,130.25775863151148,11.549900000000036,9.797648703598057,5.2559999999982665,7.809900000000027,3.259999999999991,38.53307374483949,14.744582029418476,44.650034558980806,32.281958827949786,27.24428146734796,0.9408602150537516,93.03323583064643,2511.2576
1887,2018-01-12,338.63,340.41,333.67,336.22,4805025.0,3.0956609609434618,1.288786909828124,3.613748102230677,327.0420000000001,347.98898732263444,306.0950126773656,0.08589172254503773,-1814057.0,336.76666666666665,150.69816717259909,78.04773331902204,76.43565390524715,66.55194899231319,96.20306373111514,65.90130832410799,59.587151642246745,21.95226668097796,26.180817375243425,105.10455687495082,6.740000000000008,9.579245224769624,7.019199999998307,-4.3999000000000015,0.410000000000025,34.156732568674144,13.069986281153431,44.65003455898079,35.815694751101496,29.693256691277536,-0.5119100458647607,92.8218493255363,2511.6436
1888,2018-01-16,337.54,345.0,334.8,340.06,6392397.0,3.7723173959221863,1.7854930070469368,3.9736487777505,327.15050000000014,348.354973683881,305.9460263161192,0.11792926817337088,1587372.0,339.9533333333333,153.15456869192224,87.43641912512716,80.10257564520718,71.06882454327784,98.17007784906582,70.91284487485211,62.29549076853154,12.563580874872837,16.745762711864398,109.15354002638188,10.199999999999989,9.623584851571794,9.719599999998367,4.589999999999974,1.1299999999999957,35.825487801350214,11.275132034706266,52.123211652196034,40.474985294271356,32.7737505778472,1.14210933317469,91.83282613799544,2512.0332
1889,2018-01-17,340.47,349.0,339.75,347.16,7062337.0,4.825853720809505,2.3935651497994512,4.864577142020108,327.33600000000007,349.1956445292974,305.4763554707027,0.15679636661844426,669940.0,345.3033333333333,152.15576014113302,95.75253924284401,85.31923017775276,75.8189597547695,104.31977102371935,78.06552496562311,66.78531560489807,4.2474607571559915,8.52049085436431,118.69907901815728,9.25,9.596900219316664,11.86099999999834,4.0,4.949999999999988,36.69243861010133,9.798951993502216,57.84616520916583,45.438179555669784,36.39215885722509,2.0878668470269983,107.42583730930096,2511.5698
1890,2018-01-18,345.67,352.3,343.74,344.57,5619990.0,5.389668747763324,2.9927858693922262,4.7937657567421965,327.6210000000001,350.2489397857437,304.9930602142564,0.19372335512532432,-1442347.0,346.87000000000006,157.01693792643948,80.818858560794,83.81910630543317,78.48567527165737,94.48596837298477,70.4788886917827,63.763697495327705,16.58086658086662,34.66367713004491,110.98739935784994,8.560000000000002,9.522835917936902,13.686799999998355,3.300000000000012,3.990000000000009,36.6679126751409,8.558475293821564,62.15273570069317,50.21376702567647,40.3411897624969,-0.7460536928217576,95.36785323727635,2511.1245
1891,2018-01-19,345.0,350.5899,342.6,350.02,4812052.0,6.204741276028982,3.635176950719578,5.13912865061881,328.56699999999995,353.2921238941045,303.8418761058955,0.2324295394080303,-807938.0,347.73663333333326,141.28354789857173,93.80434782608688,87.14752014565106,81.37295689632194,98.69664664430935,76.295808857466,67.17306790776047,5.657568238213472,11.974789915966527,103.47987940674143,7.989899999999977,9.41334049522712,16.348199999998368,-1.7101000000000113,-1.1399999999999864,32.14850745395846,9.118353027832812,55.807866547753385,51.812081174841296,43.618587308881025,1.5816815160925255,91.48186855661612,2511.2437
1892,2018-01-22,349.4,357.83,349.2,351.56,6157941.0,6.895470564259482,4.287235673427561,5.216469781663847,329.69599999999997,356.4771421477262,302.9148578522739,0.27047391052367764,1345889.0,352.8633333333333,134.14240091733998,79.39194741166811,84.5623292343234,82.43608100898909,88.81482568499206,77.78038473812998,68.0983128971711,14.812189936215413,25.951986754966846,122.68829995731168,8.629999999999995,9.3573876027109,18.870599999998372,7.240099999999983,6.599999999999965,38.34505412919385,7.949826389319124,65.65569972195932,55.76740075973216,47.08967686626706,0.4399748585795171,88.31405885426923,2511.1821
1893,2018-01-23,360.0,360.5,351.0,352.79,5428872.0,7.456179031514125,4.921024345044874,5.070309372938503,330.7525,359.45787149439894,302.04712850560105,0.3059178994510751,-729069.0,354.76333333333326,133.91308229769442,74.7213114754099,81.28198998135224,82.05138399977679,79.74320194450311,79.03862250285081,68.86298693539757,23.29657047892423,29.99999999999993,118.40646515282236,9.5,9.367574202517265,19.57379999999836,2.670000000000016,1.8000000000000114,36.99658582078029,6.882357294653525,68.63025038434552,59.44250065247883,50.619055090899,0.34986915462511536,103.35533986973458,2510.957
1894,2018-01-24,354.58,354.75,343.52,345.7404,5251654.0,7.248148582422857,5.386449192520471,3.7233987798047727,331.77952,361.1113911644998,302.44764883550016,0.32839421353814985,-177218.0,348.0034666666667,117.57948641445145,45.81644640234958,69.46014212168467,77.85430337374609,52.67181961756189,56.88427298067377,59.88770158264492,48.39213114754092,71.13060240963843,66.80961359304457,11.230000000000016,9.500604616623177,19.92383199999847,-5.75,-7.480000000000018,31.61474172583631,16.378767447514054,31.745905937593797,51.52918787679739,50.87909302972711,-1.9982425805720072,104.06376869404352,2510.6052
1895,2018-01-25,348.27,349.2,336.4,337.64,6640964.0,6.356376024503162,5.58043455891701,1.5518829311723064,332.7970200000001,361.41573516683263,304.1783048331675,0.3313386038330709,1389310.0,341.08,109.46809514295867,14.796869176295091,51.239051139888154,68.98255262912677,15.752048161410894,41.027417794170205,51.47743340073897,83.920704845815,94.85477178423231,6.6975007295958475,12.800000000000011,9.736275715435806,19.514831999998364,-5.550000000000012,-7.1200000000000045,26.73622652468205,23.6018139302769,6.226727473052376,38.585627761441664,47.366674381645566,-2.3429139319558923,86.57483355622553,2510.5378
1896,2018-01-26,341.5,344.0,335.71,342.85,4515013.0,6.00086902300484,5.6645214517345766,0.6726951425405243,334.35752,361.4834884518898,307.2315515481102,0.3268961096149165,-2125951.0,340.8533333333333,105.4794277348658,31.322957198443643,44.600353159406644,60.855152805886725,12.09075386644649,51.468807698051904,55.82976273336993,65.78456951174054,71.19806373537702,-13.861114412299134,8.290000000000019,9.632970307190394,19.455831999998342,-5.199999999999988,-0.6899999999999977,23.419889826536746,21.629320149859442,3.9746971758561007,28.69679045127436,42.032421830110934,1.5430636180547408,99.1890634754524,2510.5938
1897,2018-01-29,339.85,350.85,338.28,349.53,4722025.0,6.1868294175801575,5.768983044903694,0.8356927453529259,336.0660200000001,362.4480522402693,309.68398775973077,0.32444701654737645,207012.0,346.22,121.46420582965422,55.7482855990318,48.3163306392817,56.675545417018384,31.597901083808342,61.85893690293007,60.75361430790198,42.68482490272386,44.25171440096821,35.19917929374521,12.57000000000005,9.842758142391084,19.970231999998358,6.850000000000023,2.569999999999993,29.14386584606801,18.345872466529613,22.73752975529454,26.994144538137263,37.73577117526131,1.948373924456748,116.46027768706381,2510.3054
1898,2018-01-30,345.14,348.27,342.17,345.82,4696465.0,5.966065288913227,5.808399493705601,0.3153315904152532,337.78952000000004,361.7671615834744,313.8118784165257,0.3180292512134005,-25560.0,345.42,129.17287304623687,40.78257361839454,45.805078298985975,53.05205637767425,31.31112214160946,54.13471821829909,56.90991698704121,59.21742638160546,59.21742638160546,17.206386138168035,7.359999999999957,9.665418275077432,19.855831999998365,-2.580000000000041,3.8900000000000428,25.721447956773748,16.191482844514766,22.73752975529453,25.77796888589648,34.319256235442786,-1.0614253426029174,118.68054778189727,2510.5571
1899,2018-01-31,347.51,356.19,345.19,354.42,6076998.0,6.41115247826059,5.928950090616599,0.9644047752879796,339.48402000000004,363.11343915205373,315.85460084794613,0.3178723866614802,1380533.0,351.9333333333333,136.7739765804171,75.47398144413076,55.6947126807009,53.93294181201645,59.21825441806982,65.95870568937377,62.853024927735134,24.526018555869218,8.642578124999902,100.12860428990057,11.0,9.760745541143331,19.743431999998396,7.920000000000017,3.0199999999999823,32.89305562815981,13.895570414111187,40.6027849522348,30.013630619136,33.089077487926566,2.4868428662309983,121.34128464401206,2510.7004
1900,2018-02-01,351.0,359.66,348.63,349.25,4163194.0,6.274384293524065,5.998036931198094,0.5526947246519427,341.08402,362.61481852799056,319.55322147200945,0.3146037395958813,-1913804.0,352.51333333333326,147.7346065774695,54.61879790238003,55.336074421260605,54.4006526817645,57.20691790025282,55.61562214626371,57.639437353494884,45.38120209761997,43.465553235908175,95.79873966891032,11.030000000000028,9.851406573918807,19.52743199999844,3.4700000000000277,3.4399999999999977,32.941419158221876,11.931999336103864,46.81929865622932,34.81525005830552,33.58226965089198,-1.4587212911235323,121.38404859335331,2510.854
1901,2018-02-02,348.44,351.95,340.51,343.79,3674909.0,5.660171222365534,5.930463789431582,-0.5405851341320975,342.54252,360.11292653845567,324.9721134615444,0.30253993356630604,-488285.0,345.41666666666674,145.498616506054,32.593787817668556,47.755312220063246,52.185539194530755,38.89485827112824,46.39549223813646,52.61158479381354,67.40621218233144,66.26304801670136,-30.293043628592102,11.439999999999998,9.964877532924609,18.203431999998365,-7.7100000000000355,-8.120000000000005,28.224137281532112,21.088138057433355,14.471040273536213,29.002618691228577,32.27379794813101,-1.563350035790978,122.60286276416241,2510.9756
1902,2018-02-05,337.97,344.47,333.0,333.7,4053777.0,4.30954649456487,5.606280330458242,-2.5934676717867418,343.39852,356.82198043981344,329.9750595601866,0.2739046694777516,378868.0,337.0566666666667,140.33505150727052,2.625656414103481,32.71209361807666,45.69439066904605,6.747499516137879,33.923818504835076,44.74333349212814,97.4545454545455,97.37434358589651,-171.5498033441218,11.470000000000026,10.07238628057285,16.099631999998394,-7.4799999999999605,-7.509999999999992,24.199832607889253,28.022682694914128,7.320310147565129,22.807673393039018,29.56919093239044,-2.9349312080048984,123.73905953813177,2511.1714
1903,2018-02-06,325.21,336.22,323.5,333.63,4937928.0,3.1966690412216963,5.1243580726109315,-3.8553780627784717,343.25952,357.0404929971312,329.4785470028689,0.23612383528140754,884151.0,331.1166666666667,126.8400181696453,28.01438053097342,31.146189255708908,40.844990197933676,11.748587371259392,33.84807053608823,44.69274760998779,71.98561946902659,71.98561946902659,-201.37724375192275,12.720000000000026,10.26150154624622,13.76303199999836,-8.25,-9.5,20.586661000786247,36.18261048362597,27.472520035988282,24.14048671959595,28.01813258587773,-0.02097692538207685,108.61184818365685,2511.1465
1904,2018-02-07,338.99,346.0,335.66,345.0,5846823.0,3.1953357767366137,4.738553613436069,-3.086435673398912,343.82502000000005,356.86063947855814,330.789400521442,0.20672850101450335,908895.0,342.22,141.13643543074576,59.457964601769866,40.58344770439589,40.75780936675441,40.234724379678866,53.90819575836909,53.923400084994825,40.542035398230134,40.542035398230134,-43.381498136890954,12.370000000000005,10.412108578657207,13.099991999998396,9.779999999999973,12.160000000000027,30.107578834573975,30.904677556015677,1.3064567163994365,17.61647814725409,25.04623131769955,3.4079669094505998,123.82285297563351,2511.2224
1905,2018-02-08,343.31,348.62,314.6,315.36,9996464.0,0.7934326689294267,3.94952942453474,-6.312193511210627,342.85302,360.72428909021926,324.9817509097808,0.15155334928184735,4149641.0,326.1933333333333,113.06196876479605,1.6866400355081907,27.61784514809999,36.3778212938696,10.097892856560774,27.66487412662889,36.567371512471254,98.31335996449181,98.31335996449181,-183.0565783563478,34.01999999999998,12.098386537324547,10.900991999998384,2.6200000000000045,-21.06,22.456349451701733,46.26058817579408,34.641006345672075,22.4806290610878,24.313202101524762,-8.591304347826076,101.56481954517322,2511.673
1906,2018-02-09,319.93,320.9845,294.76,310.11,12795099.0,-1.5162456368332755,2.856374412261137,-8.745240098188825,341.46102,364.5233072985833,318.39873270141675,0.07823066419371913,2798635.0,308.6181666666667,89.52364476684852,23.65177195685673,26.295820751018898,33.0171544462527,12.853153360551305,25.070734140635423,34.42629104729099,76.34822804314328,73.15964329428219,-249.27767322555832,26.224500000000035,13.107394641801369,7.775791999998432,-27.635499999999983,-19.840000000000032,17.963970430488807,57.18817767020098,52.19306198295103,30.96989561019158,26.21511453257242,-1.6647640791476404,91.1128685842674,2511.94
1907,2018-02-12,316.13,318.08,306.25,315.73,6166161.0,-2.8602244161421027,1.713054646580489,-9.146558125445184,340.43652000000003,366.14747731170854,314.72556268829135,0.004392215196578463,-6628938.0,313.3533333333333,101.77611942477812,32.31124807395997,28.300963191999248,31.44509069483488,22.012708186328002,33.12600645347756,38.623014686557866,67.68875192604004,61.06572595618265,-156.758520231249,11.829999999999984,13.016152167386984,4.2319919999984,-2.9045000000000414,11.490000000000007,15.677910581635803,49.91052169170799,52.19306198295103,37.03365743097999,29.3061267892603,1.812260165747648,111.72570584980178,2511.293
1908,2018-02-13,315.02,324.19,312.5105,323.66,4506915.0,-3.2480115006018764,0.7208414171440156,-7.937705835491783,339.61651999999987,366.4016893212626,312.83135067873724,-0.05661709835921759,-1659246.0,320.12016666666665,105.94391537837264,44.53004622496151,33.710657536320014,32.20027964199659,36.731413324966844,43.42453142636463,44.12735510883172,55.46995377503849,46.342369105087215,-91.93299482203966,11.679500000000019,12.92067701257363,1.7197919999983355,6.110000000000013,6.260499999999978,19.993064365453804,43.57541676796916,37.09755523813554,37.05191394731015,31.519208834417395,2.5116396921420314,111.62832378307266,2511.4792
1909,2018-02-14,320.84,326.17,318.52,322.31,3930911.0,-3.622511222037872,-0.14782911069236213,-6.94936422269102,338.37402000000003,365.9787509940329,310.76928900596704,-0.10731171447240118,-576004.0,322.3333333333333,95.16115132623806,48.172757475083074,38.5313575159077,34.31063893330029,46.97279468112252,42.100060839466146,43.4044469908424,57.55007704160246,48.84886743408836,-66.61045703540314,7.650000000000035,12.544200083104089,-1.8068080000016948,1.9800000000000184,6.009500000000003,19.95190886719407,38.8987764131316,32.19481210063606,35.66417056254611,32.703483613882746,-0.4171043687820619,93.3921103431655,2511.4832
1910,2018-02-15,324.5,334.12,322.4,334.065,5892048.0,-2.936919707812024,-0.7056472301162946,-4.462544955391459,337.84876999999994,365.3567030448562,310.34083695514374,-0.13556170444457524,1961137.0,330.195,98.15377702817116,72.97623468251021,50.01298323810853,39.5447537015697,70.9494423111862,56.09305147684904,51.025616293767435,31.272949816401447,27.023765317489797,-19.733491264437102,11.810000000000002,12.491757220025224,-3.9026080000016923,7.949999999999988,3.879999999999996,25.84984372225069,33.853803668850986,13.406149031680807,29.304735839441747,31.73241282118532,3.6471099252272543,111.15042602440424,2511.2344
1911,2018-02-16,332.5,343.12,331.64,335.49,5585810.0,-2.252630974925012,-1.015043979078038,-2.4751739916939477,337.12227,364.0378464649839,310.2066935350161,-0.14639237144261238,-306238.0,336.75,106.1538652498813,75.62198291867807,58.549316464965045,45.879607956034825,83.8887334828255,57.58424203541277,51.88250244962885,24.378017081321932,15.777502067824633,21.441418831303714,11.480000000000016,12.419488847166278,-5.368408000001693,9.0,9.240000000000009,32.19579436379053,29.51069093061367,4.351412044238336,22.175214755097905,29.0017848023032,0.4265636926945371,113.06301102593048,2511.5347
1912,2018-02-20,334.47,340.84,331.5,334.77,3996951.0,-1.7482722129772696,-1.1616896258578844,-1.1731651742387703,336.28276999999986,362.33582978474806,310.2297102152517,-0.14620036952231244,-1588859.0,335.7033333333333,98.8910066822757,74.28518380987742,63.794605579935826,51.85127383066849,87.68126907847055,56.422391511029815,51.386923379739784,25.714816190122576,22.647138595063797,20.63446104961411,9.339999999999977,12.199525358082974,-5.691608000001737,-2.2800000000000296,-0.13999999999998636,28.406127095230154,26.190090290841514,4.058956664924535,16.999141015048373,25.572458005944682,-0.21461146382903973,98.12516557233742,2511.382
1913,2018-02-21,336.03,339.6929,333.17,333.3,3181755.0,-1.4504609640099488,-1.2194438934882974,-0.4620341410433029,335.30826999999994,360.19341420207735,310.4231257979225,-0.1403747672935693,-815196.0,335.3876333333333,101.86535341776992,71.55588562940959,66.38169892976042,56.69474886369913,85.75559906188298,53.764668827974226,50.316451059760105,28.444114370590402,32.081543311716906,29.27197139839518,6.522899999999992,11.794052118219906,-6.1658080000016176,-1.1470999999999665,1.6700000000000157,25.46501935350895,23.478426111752988,4.058956664924541,13.301945486441564,22.06659728608665,-0.4391074469038303,100.30892625658758,2511.2073
1914,2018-02-22,335.53,347.44,334.7501,346.17,6940349.0,-0.1739369260553758,-1.010342500001713,1.6728111478926744,335.32975,360.25352019612694,310.40597980387304,-0.1170368338812316,3758594.0,342.78669999999994,105.17000935889942,97.58921791951408,76.7842052596783,63.39123432902553,103.57014712098386,69.0708916436489,58.56123694569862,4.548830300779777,4.391424619640322,91.90940995077715,14.139999999999983,11.961619824061339,-6.669608000001631,7.747099999999988,1.580099999999959,30.39602233936791,20.06291906254011,20.478240307350315,15.352315435272635,20.14823104299693,3.8613861386138653,101.06016226117495,2511.2876
1915,2018-02-23,347.83,354.99,347.1,352.05,5790795.0,1.2972307609580866,-0.5488278478097529,3.692117217535679,336.05024999999995,362.06449760941734,310.0360023905825,-0.07770144787422491,-1149554.0,351.37999999999994,107.32598217683929,93.96799343455069,82.51213465130242,69.76486776978447,108.00666841433832,73.82214455603489,61.726785981459955,4.881288394487791,9.021172138692835,147.06033243528802,8.819999999999991,11.737218408056956,-3.4634080000015497,7.550000000000012,12.349900000000048,35.42357542881107,17.720298095442313,33.31198153120975,20.483648605540377,20.244064632295057,1.6985873992547031,99.31689253728486,2511.356
1916,2018-02-26,353.5,359.0,352.355,357.42,4312871.0,2.863447829006134,0.13362728755342465,5.459641082905418,336.77874999999995,364.3633967355698,309.19410326443005,-0.025017478560251917,-1477924.0,356.2583333333334,108.8128423789028,96.60138310801369,87.20855080353951,75.57942878103614,110.4667948485462,77.59420997499338,64.43365371469521,2.995260663507078,5.745454545454487,150.42617673544692,6.949999999999988,11.395274236052888,0.9397919999984764,4.009999999999991,5.254999999999996,36.313680052799796,15.818435262532274,39.31404790750907,25.863762691817154,21.849692649301367,1.5253515125692283,114.01454552833135,2511.0034
1917,2018-02-27,356.25,359.99,350.01,350.99,4761537.0,3.5449746164625817,0.8158967533352564,5.4581557262546525,336.85174999999987,364.58580341244004,309.1176965875598,0.025505240074544418,448666.0,353.66333333333336,107.44700329511544,78.29756450446106,84.23822203718001,78.46569319975076,95.78327971203849,64.2844806412906,58.98442887048342,18.955549237039133,31.590031590031586,111.31939520621692,9.980000000000018,11.294183219191966,4.226591999998392,0.9900000000000092,-2.3450000000000277,31.7535516645063,16.60040539950717,31.337965256780556,27.42782056752099,23.443443483078397,-1.7990039729170235,99.80718104956814,2510.6838
1918,2018-02-28,352.57,355.24,342.22,343.06,6042895.0,3.40594318650426,1.3339060399690574,4.144074293070404,336.71375,364.2869106486773,309.14058935132266,0.06274491717002292,1281358.0,346.84,95.07280930452872,54.961425911146605,74.47928999516887,77.13689213155679,69.16408572239304,51.269525715580606,52.9586940986781,40.82469254883047,63.124533929903095,69.31577602364496,13.019999999999984,11.417455846392539,6.063191999998367,-4.75,-7.7899999999999645,27.22261805309996,23.328864824680014,7.702549968383727,21.792028967767482,22.971610764418134,-2.25932362745378,84.20492607805774,2510.4438
1919,2018-03-01,345.01,348.67,330.07,330.93,6885601.0,2.2905659329870223,1.5252380185726504,1.5306558288287428,335.53925,361.9117939914093,309.1667060085907,0.07613473324796026,842706.0,336.5566666666667,84.16119674162081,2.874331550802183,50.61097051371329,68.29491825894229,15.24307502325533,37.37866457992804,45.245652655733224,77.30779462623032,97.1256684491978,9.062194766652132,18.600000000000023,11.930494714507361,7.175591999998403,-6.569999999999991,-12.150000000000036,22.578384842471017,32.92756270983354,18.645169254358272,20.892926192507712,22.377700886729446,-3.5358246370897235,70.9983933203987,2511.025
1920,2018-03-02,326.98,335.22,322.97,335.12,5092829.0,1.7248365641859775,1.565157727695316,0.3193576729813232,334.83275,360.4036457657535,309.26185423424647,0.07850181654981572,-1792772.0,331.1033333333333,83.0976872186317,32.82009724473253,44.68067942405304,60.423505313979206,13.19502764420072,43.70135974525311,48.09434069631318,67.17990275526748,67.17990275526748,-37.701456562675716,12.25,11.953316520613976,7.35609199999834,-13.449999999999989,-7.099999999999965,19.530573556935625,36.402435291051546,30.164409320388426,23.5419213719022,22.710335311064515,1.2661287885655572,82.05856182009555,2511.2722
1921,2018-03-05,332.39,337.75,329.2929,333.35,3823769.0,1.1207484653909887,1.476275875234451,-0.7110548196869244,334.31075,359.5356433595342,309.0858566404658,0.0718509077985666,-1269060.0,333.4643000000001,90.83359016089813,28.0388978930308,39.13341891371228,53.32680984722356,10.746637046689756,41.57352797419194,46.968237089272826,71.96110210696921,71.96110210696921,-35.148431413611355,8.457100000000025,11.703586769141552,7.0970919999983275,2.5299999999999727,6.322899999999947,20.169979956079878,32.22196133314844,23.00350221904533,23.388087328228806,22.903978744540023,-0.5281690140845008,85.06312640728306,2511.2412
1922,2018-03-06,333.75,336.37,327.03,328.2,4285744.0,0.22386179578933246,1.2257930593454274,-2.0038625271121897,334.03575,359.4081683597253,308.6633316402747,0.05434250814097547,461975.0,330.5333333333333,90.2784251492025,14.127498649378618,30.798112158934398,45.817243951127175,0.7598485745488546,35.532827340215114,43.71902983925445,85.87250135062139,85.87250135062139,-67.5185447543421,9.340000000000034,11.5347591427743,6.4556919999983515,-1.3799999999999957,-2.262900000000002,17.73650349138631,30.95017819944164,27.140224490889143,24.46012651756033,23.348592393974403,-1.5449227538623211,75.01646589208595,2511.517
1923,2018-03-07,325.44,332.5,321.74,332.3,5007297.0,-0.1543127948762617,0.9497718885010896,-2.2081693667547024,333.96925,359.3531152183021,308.58538478169794,0.03563199073076207,721553.0,328.84666666666664,82.8191859514832,27.60784313725491,29.734689151707894,40.45639235132074,8.291282752482202,43.39087642945682,46.90881034518746,72.3921568627451,68.4776119402985,-88.75263451257129,10.759999999999993,11.479419204004707,6.342891999998358,-3.870000000000005,-5.289999999999964,15.445739883063535,33.097127773655835,36.36247453573947,27.86079737989723,24.637793818523782,1.2492382693479742,75.36766931399252,2511.0298
1924,2018-03-08,332.86,333.3,326.274,329.1,3476944.0,-0.7041155334902669,0.6189944041028181,-2.64621987518617,333.1742500000001,358.0952179787899,308.2532820212101,0.013797579681484292,-1530353.0,329.55800000000005,84.81795154081843,19.241830065359515,26.237069456258435,35.716618052966645,7.277972262842027,38.94483643031072,44.74937179608546,80.75816993464048,72.66988488674336,-81.9536534359087,7.0260000000000105,11.161317832290084,4.55789199999839,0.8000000000000114,4.533999999999992,14.723503899672535,29.50168626038496,33.41575764225773,29.4479288834288,26.012118122782365,-0.9629852542882956,76.51646762318893,2510.591
1925,2018-03-09,324.1,328.49,322.37,327.17,5479716.0,-1.2808086701994623,0.2390337892423619,-3.039684918883649,333.76475000000005,357.4368044713511,310.09269552864896,-0.010676251447100129,2002772.0,326.0100000000001,75.96947335216558,14.196078431372564,22.22340578129648,31.218880629076576,4.232456085736274,36.256120896272506,43.43381294997755,85.80392156862743,66.08369768894434,-98.6912865877465,6.730000000000018,10.844795129983652,1.872291999998424,-4.810000000000001,-3.903999999999997,13.132801868386053,31.11421961450021,40.6387077445856,32.645294272330744,27.907311308367614,-0.5864478881798862,64.50310908555497,2510.7937
1926,2018-03-12,328.61,347.21,326.5,345.51,8212156.0,-0.2550177240860876,0.140223486576672,-0.7904824213255192,335.5347500000001,356.94544567320037,314.1240543267998,-0.015328444310060496,2732440.0,339.74,84.60376430260135,70.95522388059695,38.46734514772997,33.6350354686277,48.1319645059345,64.33430191031235,56.646195375057964,37.856209150326855,6.674519042010171,8.1331900813217,20.70999999999998,11.549452620699105,0.003891999998415941,18.71999999999997,4.129999999999996,32.29874914683974,25.320422993725877,12.111118389708539,26.778386877295823,27.584761470918533,5.6056484396491015,77.90326840785008,2511.3386
1927,2018-03-13,344.92,345.12,336.2635,341.84,5932110.0,0.2588072932288128,0.16394024790710016,0.18973409064342528,336.84025000000014,356.25769426648316,317.422805733517,-0.011588167608433154,-2280046.0,341.0745,91.73586324636598,74.63795024136635,50.52421351227543,39.26476148317694,73.04311757047242,58.18034114344104,53.89797248538252,40.0000000000001,21.083627797408763,15.692746575019006,9.246499999999967,11.384956004934876,-1.4407080000015071,-2.089999999999975,9.763500000000024,28.396697926799263,22.26143185492271,12.111118389708539,22.587738737985173,26.15704069008043,-1.0621979103354495,75.79940613679385,2511.4243
1928,2018-03-14,336.76,339.81,323.93,326.63,7932511.0,-0.5549059529573128,0.020171007734217525,-1.1501539213830607,336.9887500000001,356.0234307792591,317.95406922074113,-0.01940890661338936,2000401.0,330.12333333333333,89.34376334614929,19.199057714958748,40.08249491316987,39.537339293174576,41.17280615316044,39.42490459213383,44.20230277893866,81.84181210545866,80.80094228504126,-63.43113341795875,17.909999999999968,11.851030576010954,-3.389308000001563,-5.310000000000001,-12.333500000000017,23.64259664232017,32.41062990330121,15.642334618944357,20.603337561116366,24.57026836751927,-4.4494500351041415,72.43780137728207,2510.9028
1929,2018-03-15,329.38,332.85,321.1,325.6,6366922.0,-1.2682721036392195,-0.23751761454047,-2.061508978197499,337.1532500000001,355.7045292224512,318.60197077754907,-0.03478506533264431,-1565589.0,326.51666666666665,93.17736512509278,17.234775947912706,32.46658859141748,37.18042239258888,23.038920989074672,38.41848201310931,43.622589303132884,82.76522405208729,82.76522405208729,-83.61033630182631,11.75,11.843814106295886,-4.023708000001477,-6.95999999999998,-2.829999999999984,20.50273519136796,31.29223805630981,20.831177599701913,20.66843471499795,23.45545875251318,-0.3153415179254715,71.27327858793305,2511.0176
1930,2018-03-16,325.96,327.4,319.07,321.35,6058612.0,-2.1517553031348484,-0.6203651522593457,-3.0627803017510056,336.5175000000001,356.34217455098593,316.6928254490144,-0.058244365055475276,-308310.0,322.6066666666666,81.81148869407303,8.10234541577836,24.34517419953777,32.902006328238514,7.231509942136299,34.107355922147214,41.19088961677988,91.89765458422166,91.89765458422166,-112.03449436673256,8.329999999999984,11.59282738441761,-5.48270800000148,-5.4500000000000455,-2.0300000000000296,18.153739899819023,30.041868035503008,24.666413901527534,21.810714482577833,22.98553181824594,-1.3052825552825498,60.567372671610315,2511.352
1931,2018-03-19,316.5,320.75,309.67,313.56,7440766.0,-3.4408460685159525,-1.1844613355106677,-4.51276946601057,335.42100000000016,357.7523750489939,313.08962495100644,-0.0933592182568068,1382154.0,314.66,85.12200555109574,10.362280234416597,19.684209544497374,28.49607406699146,2.060480499509211,27.355477697055093,37.06002215017495,89.6377197655834,89.6377197655834,-187.2126814110197,11.680000000000007,11.59905399981635,-7.4405080000015005,-6.649999999999977,-9.399999999999975,15.724795312710462,36.82778771346328,40.155956540218966,27.052212213332442,24.14744050255637,-2.4241481250972474,62.24275772916447,2511.2983
1932,2018-03-20,314.87,316.25,308.76,310.55,4726182.0,-4.651719504999504,-1.8779129694084356,-5.5476130711821385,334.2100000000002,359.1629721887497,309.25702781125074,-0.1362911798942931,-2714584.0,311.8533333333333,101.31880376917464,4.65539661898575,14.6746052359935,23.888917789992142,-3.7540198720037736,25.05566355430437,35.55694215815686,95.34460338101424,95.07700770077005,-187.16313234403316,7.490000000000008,11.305550142686613,-9.084908000001462,-4.5,-0.910000000000025,13.981957060386968,33.819244569176156,41.499558238135634,31.18002536327621,26.15675046276204,-0.9599438703916329,68.1988087083221,2511.372
1933,2018-03-21,310.25,322.44,310.19,316.53,5927881.0,-5.070361433811343,-2.516402662289017,-5.1079175430446515,333.3715000000002,359.550173743092,307.1928262569084,-0.17434895269047376,1201699.0,316.38666666666666,102.60208166533224,20.208062418725575,16.519090963570854,21.43230884785171,6.692655195009144,37.56879697918433,40.76392275478741,79.79193758127442,74.97584541062808,-111.19282395549749,12.25,11.373010846780426,-10.264308000001506,6.189999999999998,1.4300000000000068,19.30276488593137,29.136155267960127,20.300597847325786,28.071617501576085,26.703855330994624,1.9256158428594403,67.91622838135386,2511.5825
1934,2018-03-22,313.89,318.82,308.18,309.1,4914307.0,-5.933281903008094,-3.1997785104328327,-5.467006785150522,331.5180000000002,359.09327084373155,303.9427291562689,-0.21456285751932505,-1013574.0,312.03333333333336,92.00990802378678,2.357161158083568,11.798447695075094,18.221021796926173,-1.0467005086270618,30.080525905991863,36.740204363729504,97.64283884191644,96.27077421969999,-124.36814189188215,10.639999999999986,11.320652929153251,-11.772508000001494,-3.620000000000005,-2.009999999999991,16.806434666076633,27.735476378864853,24.53653526846016,27.061594006400107,26.806066381110483,-2.3473288471866693,59.12558494501953,2511.4087
1935,2018-03-23,311.25,311.61,300.45,301.54,6600538.0,-7.144820368583738,-3.9887868820630152,-6.3120669730414445,328.9925000000002,357.87131530956725,300.1136846904331,-0.2611222809226808,1686231.0,304.53333333333336,82.5262871337665,2.4401164092232626,8.679003933124482,15.040349175658939,-4.0436865519444325,24.1927231518017,33.1122497916746,97.66894781864836,95.95547309833012,-147.4315309136578,11.160000000000023,11.30917771992802,-13.670308000001512,-7.2099999999999795,-7.730000000000018,14.580356126431706,33.17534521784234,38.937736370696605,30.454777539056245,27.848555283380694,-2.445810417340666,57.40815865105174,2511.3267
1936,2018-03-26,307.34,307.59,291.36,304.18,8324639.0,-7.802010672170581,-4.7514316400845304,-6.101158064172103,326.3305000000002,353.9643689787864,298.69663102121405,-0.304948958380599,1724101.0,301.0433333333333,71.24955989527986,26.46026831785345,14.606092061367471,14.895596804228447,14.027082575645515,29.93925668858502,35.53718549674484,76.15327380952381,58.75160875160876,-137.88535298290842,16.22999999999996,11.660665025647445,-17.127908000001472,-4.020000000000039,-9.089999999999977,12.255412521685779,38.27921397921757,51.496970017313956,36.46683253284417,30.310920211798834,0.8755057372156205,60.05495890078282,2511.657
